,id,url,repository_url,labels_url,user
0,1152726057,https://api.github.com/repos/pandas-dev/pandas/issues/46165,https://api.github.com/repos/pandas-dev/pandas,https://api.github.com/repos/pandas-dev/pandas/issues/46165/labels{/name},"{'login': 'mroeschke', 'id': 10647082, 'node_id': 'MDQ6VXNlcjEwNjQ3MDgy', 'avatar_url': 'https://avatars.githubusercontent.com/u/10647082?v=4', 'gravatar_id': '', 'url': 'https://api.github.com/users/mroeschke', 'html_url': 'https://github.com/mroeschke', 'followers_url': 'https://api.github.com/users/mroeschke/followers', 'following_url': 'https://api.github.com/users/mroeschke/following{/other_user}', 'gists_url': 'https://api.github.com/users/mroeschke/gists{/gist_id}', 'starred_url': 'https://api.github.com/users/mroeschke/starred{/owner}{/repo}', 'subscriptions_url': 'https://api.github.com/users/mroeschke/subscriptions', 'organizations_url': 'https://api.github.com/users/mroeschke/orgs', 'repos_url': 'https://api.github.com/users/mroeschke/repos', 'events_url': 'https://api.github.com/users/mroeschke/events{/privacy}', 'received_events_url': 'https://api.github.com/users/mroeschke/received_events', 'type': 'User', 'site_admin': False}"
1,1152647346,https://api.github.com/repos/pandas-dev/pandas/issues/46164,https://api.github.com/repos/pandas-dev/pandas,https://api.github.com/repos/pandas-dev/pandas/issues/46164/labels{/name},"{'login': 'lukemanley', 'id': 8519523, 'node_id': 'MDQ6VXNlcjg1MTk1MjM=', 'avatar_url': 'https://avatars.githubusercontent.com/u/8519523?v=4', 'gravatar_id': '', 'url': 'https://api.github.com/users/lukemanley', 'html_url': 'https://github.com/lukemanley', 'followers_url': 'https://api.github.com/users/lukemanley/followers', 'following_url': 'https://api.github.com/users/lukemanley/following{/other_user}', 'gists_url': 'https://api.github.com/users/lukemanley/gists{/gist_id}', 'starred_url': 'https://api.github.com/users/lukemanley/starred{/owner}{/repo}', 'subscriptions_url': 'https://api.github.com/users/lukemanley/subscriptions', 'organizations_url': 'https://api.github.com/users/lukemanley/orgs', 'repos_url': 'https://api.github.com/users/lukemanley/repos', 'events_url': 'https://api.github.com/users/lukemanley/events{/privacy}', 'received_events_url': 'https://api.github.com/users/lukemanley/received_events', 'type': 'User', 'site_admin': False}"
2,1152408767,https://api.github.com/repos/pandas-dev/pandas/issues/46163,https://api.github.com/repos/pandas-dev/pandas,https://api.github.com/repos/pandas-dev/pandas/issues/46163/labels{/name},"{'login': 'jbrockmendel', 'id': 8078968, 'node_id': 'MDQ6VXNlcjgwNzg5Njg=', 'avatar_url': 'https://avatars.githubusercontent.com/u/8078968?v=4', 'gravatar_id': '', 'url': 'https://api.github.com/users/jbrockmendel', 'html_url': 'https://github.com/jbrockmendel', 'followers_url': 'https://api.github.com/users/jbrockmendel/followers', 'following_url': 'https://api.github.com/users/jbrockmendel/following{/other_user}', 'gists_url': 'https://api.github.com/users/jbrockmendel/gists{/gist_id}', 'starred_url': 'https://api.github.com/users/jbrockmendel/starred{/owner}{/repo}', 'subscriptions_url': 'https://api.github.com/users/jbrockmendel/subscriptions', 'organizations_url': 'https://api.github.com/users/jbrockmendel/orgs', 'repos_url': 'https://api.github.com/users/jbrockmendel/repos', 'events_url': 'https://api.github.com/users/jbrockmendel/events{/privacy}', 'received_events_url': 'https://api.github.com/users/jbrockmendel/received_events', 'type': 'User', 'site_admin': False}"
3,1151916356,https://api.github.com/repos/pandas-dev/pandas/issues/46162,https://api.github.com/repos/pandas-dev/pandas,https://api.github.com/repos/pandas-dev/pandas/issues/46162/labels{/name},"{'login': 'weikhor', 'id': 36619387, 'node_id': 'MDQ6VXNlcjM2NjE5Mzg3', 'avatar_url': 'https://avatars.githubusercontent.com/u/36619387?v=4', 'gravatar_id': '', 'url': 'https://api.github.com/users/weikhor', 'html_url': 'https://github.com/weikhor', 'followers_url': 'https://api.github.com/users/weikhor/followers', 'following_url': 'https://api.github.com/users/weikhor/following{/other_user}', 'gists_url': 'https://api.github.com/users/weikhor/gists{/gist_id}', 'starred_url': 'https://api.github.com/users/weikhor/starred{/owner}{/repo}', 'subscriptions_url': 'https://api.github.com/users/weikhor/subscriptions', 'organizations_url': 'https://api.github.com/users/weikhor/orgs', 'repos_url': 'https://api.github.com/users/weikhor/repos', 'events_url': 'https://api.github.com/users/weikhor/events{/privacy}', 'received_events_url': 'https://api.github.com/users/weikhor/received_events', 'type': 'User', 'site_admin': False}"
4,1151262706,https://api.github.com/repos/pandas-dev/pandas/issues/46161,https://api.github.com/repos/pandas-dev/pandas,https://api.github.com/repos/pandas-dev/pandas/issues/46161/labels{/name},"{'login': 'weikhor', 'id': 36619387, 'node_id': 'MDQ6VXNlcjM2NjE5Mzg3', 'avatar_url': 'https://avatars.githubusercontent.com/u/36619387?v=4', 'gravatar_id': '', 'url': 'https://api.github.com/users/weikhor', 'html_url': 'https://github.com/weikhor', 'followers_url': 'https://api.github.com/users/weikhor/followers', 'following_url': 'https://api.github.com/users/weikhor/following{/other_user}', 'gists_url': 'https://api.github.com/users/weikhor/gists{/gist_id}', 'starred_url': 'https://api.github.com/users/weikhor/starred{/owner}{/repo}', 'subscriptions_url': 'https://api.github.com/users/weikhor/subscriptions', 'organizations_url': 'https://api.github.com/users/weikhor/orgs', 'repos_url': 'https://api.github.com/users/weikhor/repos', 'events_url': 'https://api.github.com/users/weikhor/events{/privacy}', 'received_events_url': 'https://api.github.com/users/weikhor/received_events', 'type': 'User', 'site_admin': False}"
5,1150920527,https://api.github.com/repos/pandas-dev/pandas/issues/46156,https://api.github.com/repos/pandas-dev/pandas,https://api.github.com/repos/pandas-dev/pandas/issues/46156/labels{/name},"{'login': 'lukemanley', 'id': 8519523, 'node_id': 'MDQ6VXNlcjg1MTk1MjM=', 'avatar_url': 'https://avatars.githubusercontent.com/u/8519523?v=4', 'gravatar_id': '', 'url': 'https://api.github.com/users/lukemanley', 'html_url': 'https://github.com/lukemanley', 'followers_url': 'https://api.github.com/users/lukemanley/followers', 'following_url': 'https://api.github.com/users/lukemanley/following{/other_user}', 'gists_url': 'https://api.github.com/users/lukemanley/gists{/gist_id}', 'starred_url': 'https://api.github.com/users/lukemanley/starred{/owner}{/repo}', 'subscriptions_url': 'https://api.github.com/users/lukemanley/subscriptions', 'organizations_url': 'https://api.github.com/users/lukemanley/orgs', 'repos_url': 'https://api.github.com/users/lukemanley/repos', 'events_url': 'https://api.github.com/users/lukemanley/events{/privacy}', 'received_events_url': 'https://api.github.com/users/lukemanley/received_events', 'type': 'User', 'site_admin': False}"
6,1150876170,https://api.github.com/repos/pandas-dev/pandas/issues/46154,https://api.github.com/repos/pandas-dev/pandas,https://api.github.com/repos/pandas-dev/pandas/issues/46154/labels{/name},"{'login': 'milotoor', 'id': 4667801, 'node_id': 'MDQ6VXNlcjQ2Njc4MDE=', 'avatar_url': 'https://avatars.githubusercontent.com/u/4667801?v=4', 'gravatar_id': '', 'url': 'https://api.github.com/users/milotoor', 'html_url': 'https://github.com/milotoor', 'followers_url': 'https://api.github.com/users/milotoor/followers', 'following_url': 'https://api.github.com/users/milotoor/following{/other_user}', 'gists_url': 'https://api.github.com/users/milotoor/gists{/gist_id}', 'starred_url': 'https://api.github.com/users/milotoor/starred{/owner}{/repo}', 'subscriptions_url': 'https://api.github.com/users/milotoor/subscriptions', 'organizations_url': 'https://api.github.com/users/milotoor/orgs', 'repos_url': 'https://api.github.com/users/milotoor/repos', 'events_url': 'https://api.github.com/users/milotoor/events{/privacy}', 'received_events_url': 'https://api.github.com/users/milotoor/received_events', 'type': 'User', 'site_admin': False}"
7,1150754239,https://api.github.com/repos/pandas-dev/pandas/issues/46152,https://api.github.com/repos/pandas-dev/pandas,https://api.github.com/repos/pandas-dev/pandas/issues/46152/labels{/name},"{'login': 'tehunter', 'id': 7980666, 'node_id': 'MDQ6VXNlcjc5ODA2NjY=', 'avatar_url': 'https://avatars.githubusercontent.com/u/7980666?v=4', 'gravatar_id': '', 'url': 'https://api.github.com/users/tehunter', 'html_url': 'https://github.com/tehunter', 'followers_url': 'https://api.github.com/users/tehunter/followers', 'following_url': 'https://api.github.com/users/tehunter/following{/other_user}', 'gists_url': 'https://api.github.com/users/tehunter/gists{/gist_id}', 'starred_url': 'https://api.github.com/users/tehunter/starred{/owner}{/repo}', 'subscriptions_url': 'https://api.github.com/users/tehunter/subscriptions', 'organizations_url': 'https://api.github.com/users/tehunter/orgs', 'repos_url': 'https://api.github.com/users/tehunter/repos', 'events_url': 'https://api.github.com/users/tehunter/events{/privacy}', 'received_events_url': 'https://api.github.com/users/tehunter/received_events', 'type': 'User', 'site_admin': False}"
8,1150712051,https://api.github.com/repos/pandas-dev/pandas/issues/46149,https://api.github.com/repos/pandas-dev/pandas,https://api.github.com/repos/pandas-dev/pandas/issues/46149/labels{/name},"{'login': 'jukiewiczm', 'id': 8179126, 'node_id': 'MDQ6VXNlcjgxNzkxMjY=', 'avatar_url': 'https://avatars.githubusercontent.com/u/8179126?v=4', 'gravatar_id': '', 'url': 'https://api.github.com/users/jukiewiczm', 'html_url': 'https://github.com/jukiewiczm', 'followers_url': 'https://api.github.com/users/jukiewiczm/followers', 'following_url': 'https://api.github.com/users/jukiewiczm/following{/other_user}', 'gists_url': 'https://api.github.com/users/jukiewiczm/gists{/gist_id}', 'starred_url': 'https://api.github.com/users/jukiewiczm/starred{/owner}{/repo}', 'subscriptions_url': 'https://api.github.com/users/jukiewiczm/subscriptions', 'organizations_url': 'https://api.github.com/users/jukiewiczm/orgs', 'repos_url': 'https://api.github.com/users/jukiewiczm/repos', 'events_url': 'https://api.github.com/users/jukiewiczm/events{/privacy}', 'received_events_url': 'https://api.github.com/users/jukiewiczm/received_events', 'type': 'User', 'site_admin': False}"
9,1150218652,https://api.github.com/repos/pandas-dev/pandas/issues/46147,https://api.github.com/repos/pandas-dev/pandas,https://api.github.com/repos/pandas-dev/pandas/issues/46147/labels{/name},"{'login': 'harahu', 'id': 6145801, 'node_id': 'MDQ6VXNlcjYxNDU4MDE=', 'avatar_url': 'https://avatars.githubusercontent.com/u/6145801?v=4', 'gravatar_id': '', 'url': 'https://api.github.com/users/harahu', 'html_url': 'https://github.com/harahu', 'followers_url': 'https://api.github.com/users/harahu/followers', 'following_url': 'https://api.github.com/users/harahu/following{/other_user}', 'gists_url': 'https://api.github.com/users/harahu/gists{/gist_id}', 'starred_url': 'https://api.github.com/users/harahu/starred{/owner}{/repo}', 'subscriptions_url': 'https://api.github.com/users/harahu/subscriptions', 'organizations_url': 'https://api.github.com/users/harahu/orgs', 'repos_url': 'https://api.github.com/users/harahu/repos', 'events_url': 'https://api.github.com/users/harahu/events{/privacy}', 'received_events_url': 'https://api.github.com/users/harahu/received_events', 'type': 'User', 'site_admin': False}"
10,1150117069,https://api.github.com/repos/pandas-dev/pandas/issues/46145,https://api.github.com/repos/pandas-dev/pandas,https://api.github.com/repos/pandas-dev/pandas/issues/46145/labels{/name},"{'login': 'dhern023', 'id': 7958975, 'node_id': 'MDQ6VXNlcjc5NTg5NzU=', 'avatar_url': 'https://avatars.githubusercontent.com/u/7958975?v=4', 'gravatar_id': '', 'url': 'https://api.github.com/users/dhern023', 'html_url': 'https://github.com/dhern023', 'followers_url': 'https://api.github.com/users/dhern023/followers', 'following_url': 'https://api.github.com/users/dhern023/following{/other_user}', 'gists_url': 'https://api.github.com/users/dhern023/gists{/gist_id}', 'starred_url': 'https://api.github.com/users/dhern023/starred{/owner}{/repo}', 'subscriptions_url': 'https://api.github.com/users/dhern023/subscriptions', 'organizations_url': 'https://api.github.com/users/dhern023/orgs', 'repos_url': 'https://api.github.com/users/dhern023/repos', 'events_url': 'https://api.github.com/users/dhern023/events{/privacy}', 'received_events_url': 'https://api.github.com/users/dhern023/received_events', 'type': 'User', 'site_admin': False}"
11,1150080362,https://api.github.com/repos/pandas-dev/pandas/issues/46144,https://api.github.com/repos/pandas-dev/pandas,https://api.github.com/repos/pandas-dev/pandas/issues/46144/labels{/name},"{'login': 'mroeschke', 'id': 10647082, 'node_id': 'MDQ6VXNlcjEwNjQ3MDgy', 'avatar_url': 'https://avatars.githubusercontent.com/u/10647082?v=4', 'gravatar_id': '', 'url': 'https://api.github.com/users/mroeschke', 'html_url': 'https://github.com/mroeschke', 'followers_url': 'https://api.github.com/users/mroeschke/followers', 'following_url': 'https://api.github.com/users/mroeschke/following{/other_user}', 'gists_url': 'https://api.github.com/users/mroeschke/gists{/gist_id}', 'starred_url': 'https://api.github.com/users/mroeschke/starred{/owner}{/repo}', 'subscriptions_url': 'https://api.github.com/users/mroeschke/subscriptions', 'organizations_url': 'https://api.github.com/users/mroeschke/orgs', 'repos_url': 'https://api.github.com/users/mroeschke/repos', 'events_url': 'https://api.github.com/users/mroeschke/events{/privacy}', 'received_events_url': 'https://api.github.com/users/mroeschke/received_events', 'type': 'User', 'site_admin': False}"
12,1149871773,https://api.github.com/repos/pandas-dev/pandas/issues/46142,https://api.github.com/repos/pandas-dev/pandas,https://api.github.com/repos/pandas-dev/pandas/issues/46142/labels{/name},"{'login': 'jbrockmendel', 'id': 8078968, 'node_id': 'MDQ6VXNlcjgwNzg5Njg=', 'avatar_url': 'https://avatars.githubusercontent.com/u/8078968?v=4', 'gravatar_id': '', 'url': 'https://api.github.com/users/jbrockmendel', 'html_url': 'https://github.com/jbrockmendel', 'followers_url': 'https://api.github.com/users/jbrockmendel/followers', 'following_url': 'https://api.github.com/users/jbrockmendel/following{/other_user}', 'gists_url': 'https://api.github.com/users/jbrockmendel/gists{/gist_id}', 'starred_url': 'https://api.github.com/users/jbrockmendel/starred{/owner}{/repo}', 'subscriptions_url': 'https://api.github.com/users/jbrockmendel/subscriptions', 'organizations_url': 'https://api.github.com/users/jbrockmendel/orgs', 'repos_url': 'https://api.github.com/users/jbrockmendel/repos', 'events_url': 'https://api.github.com/users/jbrockmendel/events{/privacy}', 'received_events_url': 'https://api.github.com/users/jbrockmendel/received_events', 'type': 'User', 'site_admin': False}"
13,1149585395,https://api.github.com/repos/pandas-dev/pandas/issues/46141,https://api.github.com/repos/pandas-dev/pandas,https://api.github.com/repos/pandas-dev/pandas/issues/46141/labels{/name},"{'login': 'vnlitvinov', 'id': 45396231, 'node_id': 'MDQ6VXNlcjQ1Mzk2MjMx', 'avatar_url': 'https://avatars.githubusercontent.com/u/45396231?v=4', 'gravatar_id': '', 'url': 'https://api.github.com/users/vnlitvinov', 'html_url': 'https://github.com/vnlitvinov', 'followers_url': 'https://api.github.com/users/vnlitvinov/followers', 'following_url': 'https://api.github.com/users/vnlitvinov/following{/other_user}', 'gists_url': 'https://api.github.com/users/vnlitvinov/gists{/gist_id}', 'starred_url': 'https://api.github.com/users/vnlitvinov/starred{/owner}{/repo}', 'subscriptions_url': 'https://api.github.com/users/vnlitvinov/subscriptions', 'organizations_url': 'https://api.github.com/users/vnlitvinov/orgs', 'repos_url': 'https://api.github.com/users/vnlitvinov/repos', 'events_url': 'https://api.github.com/users/vnlitvinov/events{/privacy}', 'received_events_url': 'https://api.github.com/users/vnlitvinov/received_events', 'type': 'User', 'site_admin': False}"
14,1149320791,https://api.github.com/repos/pandas-dev/pandas/issues/46140,https://api.github.com/repos/pandas-dev/pandas,https://api.github.com/repos/pandas-dev/pandas/issues/46140/labels{/name},"{'login': 'weikhor', 'id': 36619387, 'node_id': 'MDQ6VXNlcjM2NjE5Mzg3', 'avatar_url': 'https://avatars.githubusercontent.com/u/36619387?v=4', 'gravatar_id': '', 'url': 'https://api.github.com/users/weikhor', 'html_url': 'https://github.com/weikhor', 'followers_url': 'https://api.github.com/users/weikhor/followers', 'following_url': 'https://api.github.com/users/weikhor/following{/other_user}', 'gists_url': 'https://api.github.com/users/weikhor/gists{/gist_id}', 'starred_url': 'https://api.github.com/users/weikhor/starred{/owner}{/repo}', 'subscriptions_url': 'https://api.github.com/users/weikhor/subscriptions', 'organizations_url': 'https://api.github.com/users/weikhor/orgs', 'repos_url': 'https://api.github.com/users/weikhor/repos', 'events_url': 'https://api.github.com/users/weikhor/events{/privacy}', 'received_events_url': 'https://api.github.com/users/weikhor/received_events', 'type': 'User', 'site_admin': False}"
15,1149229930,https://api.github.com/repos/pandas-dev/pandas/issues/46138,https://api.github.com/repos/pandas-dev/pandas,https://api.github.com/repos/pandas-dev/pandas/issues/46138/labels{/name},"{'login': 'timmy-ops', 'id': 89028359, 'node_id': 'MDQ6VXNlcjg5MDI4MzU5', 'avatar_url': 'https://avatars.githubusercontent.com/u/89028359?v=4', 'gravatar_id': '', 'url': 'https://api.github.com/users/timmy-ops', 'html_url': 'https://github.com/timmy-ops', 'followers_url': 'https://api.github.com/users/timmy-ops/followers', 'following_url': 'https://api.github.com/users/timmy-ops/following{/other_user}', 'gists_url': 'https://api.github.com/users/timmy-ops/gists{/gist_id}', 'starred_url': 'https://api.github.com/users/timmy-ops/starred{/owner}{/repo}', 'subscriptions_url': 'https://api.github.com/users/timmy-ops/subscriptions', 'organizations_url': 'https://api.github.com/users/timmy-ops/orgs', 'repos_url': 'https://api.github.com/users/timmy-ops/repos', 'events_url': 'https://api.github.com/users/timmy-ops/events{/privacy}', 'received_events_url': 'https://api.github.com/users/timmy-ops/received_events', 'type': 'User', 'site_admin': False}"
16,1148706907,https://api.github.com/repos/pandas-dev/pandas/issues/46137,https://api.github.com/repos/pandas-dev/pandas,https://api.github.com/repos/pandas-dev/pandas/issues/46137/labels{/name},"{'login': 'topper-123', 'id': 26364415, 'node_id': 'MDQ6VXNlcjI2MzY0NDE1', 'avatar_url': 'https://avatars.githubusercontent.com/u/26364415?v=4', 'gravatar_id': '', 'url': 'https://api.github.com/users/topper-123', 'html_url': 'https://github.com/topper-123', 'followers_url': 'https://api.github.com/users/topper-123/followers', 'following_url': 'https://api.github.com/users/topper-123/following{/other_user}', 'gists_url': 'https://api.github.com/users/topper-123/gists{/gist_id}', 'starred_url': 'https://api.github.com/users/topper-123/starred{/owner}{/repo}', 'subscriptions_url': 'https://api.github.com/users/topper-123/subscriptions', 'organizations_url': 'https://api.github.com/users/topper-123/orgs', 'repos_url': 'https://api.github.com/users/topper-123/repos', 'events_url': 'https://api.github.com/users/topper-123/events{/privacy}', 'received_events_url': 'https://api.github.com/users/topper-123/received_events', 'type': 'User', 'site_admin': False}"
17,1148668016,https://api.github.com/repos/pandas-dev/pandas/issues/46135,https://api.github.com/repos/pandas-dev/pandas,https://api.github.com/repos/pandas-dev/pandas/issues/46135/labels{/name},"{'login': 'mvashishtha', 'id': 10712109, 'node_id': 'MDQ6VXNlcjEwNzEyMTA5', 'avatar_url': 'https://avatars.githubusercontent.com/u/10712109?v=4', 'gravatar_id': '', 'url': 'https://api.github.com/users/mvashishtha', 'html_url': 'https://github.com/mvashishtha', 'followers_url': 'https://api.github.com/users/mvashishtha/followers', 'following_url': 'https://api.github.com/users/mvashishtha/following{/other_user}', 'gists_url': 'https://api.github.com/users/mvashishtha/gists{/gist_id}', 'starred_url': 'https://api.github.com/users/mvashishtha/starred{/owner}{/repo}', 'subscriptions_url': 'https://api.github.com/users/mvashishtha/subscriptions', 'organizations_url': 'https://api.github.com/users/mvashishtha/orgs', 'repos_url': 'https://api.github.com/users/mvashishtha/repos', 'events_url': 'https://api.github.com/users/mvashishtha/events{/privacy}', 'received_events_url': 'https://api.github.com/users/mvashishtha/received_events', 'type': 'User', 'site_admin': False}"
18,1148630898,https://api.github.com/repos/pandas-dev/pandas/issues/46133,https://api.github.com/repos/pandas-dev/pandas,https://api.github.com/repos/pandas-dev/pandas/issues/46133/labels{/name},"{'login': 'jbrockmendel', 'id': 8078968, 'node_id': 'MDQ6VXNlcjgwNzg5Njg=', 'avatar_url': 'https://avatars.githubusercontent.com/u/8078968?v=4', 'gravatar_id': '', 'url': 'https://api.github.com/users/jbrockmendel', 'html_url': 'https://github.com/jbrockmendel', 'followers_url': 'https://api.github.com/users/jbrockmendel/followers', 'following_url': 'https://api.github.com/users/jbrockmendel/following{/other_user}', 'gists_url': 'https://api.github.com/users/jbrockmendel/gists{/gist_id}', 'starred_url': 'https://api.github.com/users/jbrockmendel/starred{/owner}{/repo}', 'subscriptions_url': 'https://api.github.com/users/jbrockmendel/subscriptions', 'organizations_url': 'https://api.github.com/users/jbrockmendel/orgs', 'repos_url': 'https://api.github.com/users/jbrockmendel/repos', 'events_url': 'https://api.github.com/users/jbrockmendel/events{/privacy}', 'received_events_url': 'https://api.github.com/users/jbrockmendel/received_events', 'type': 'User', 'site_admin': False}"
19,1148620065,https://api.github.com/repos/pandas-dev/pandas/issues/46132,https://api.github.com/repos/pandas-dev/pandas,https://api.github.com/repos/pandas-dev/pandas/issues/46132/labels{/name},"{'login': 'mvashishtha', 'id': 10712109, 'node_id': 'MDQ6VXNlcjEwNzEyMTA5', 'avatar_url': 'https://avatars.githubusercontent.com/u/10712109?v=4', 'gravatar_id': '', 'url': 'https://api.github.com/users/mvashishtha', 'html_url': 'https://github.com/mvashishtha', 'followers_url': 'https://api.github.com/users/mvashishtha/followers', 'following_url': 'https://api.github.com/users/mvashishtha/following{/other_user}', 'gists_url': 'https://api.github.com/users/mvashishtha/gists{/gist_id}', 'starred_url': 'https://api.github.com/users/mvashishtha/starred{/owner}{/repo}', 'subscriptions_url': 'https://api.github.com/users/mvashishtha/subscriptions', 'organizations_url': 'https://api.github.com/users/mvashishtha/orgs', 'repos_url': 'https://api.github.com/users/mvashishtha/repos', 'events_url': 'https://api.github.com/users/mvashishtha/events{/privacy}', 'received_events_url': 'https://api.github.com/users/mvashishtha/received_events', 'type': 'User', 'site_admin': False}"
20,1148107383,https://api.github.com/repos/pandas-dev/pandas/issues/46129,https://api.github.com/repos/pandas-dev/pandas,https://api.github.com/repos/pandas-dev/pandas/issues/46129/labels{/name},"{'login': 'McToel', 'id': 36071676, 'node_id': 'MDQ6VXNlcjM2MDcxNjc2', 'avatar_url': 'https://avatars.githubusercontent.com/u/36071676?v=4', 'gravatar_id': '', 'url': 'https://api.github.com/users/McToel', 'html_url': 'https://github.com/McToel', 'followers_url': 'https://api.github.com/users/McToel/followers', 'following_url': 'https://api.github.com/users/McToel/following{/other_user}', 'gists_url': 'https://api.github.com/users/McToel/gists{/gist_id}', 'starred_url': 'https://api.github.com/users/McToel/starred{/owner}{/repo}', 'subscriptions_url': 'https://api.github.com/users/McToel/subscriptions', 'organizations_url': 'https://api.github.com/users/McToel/orgs', 'repos_url': 'https://api.github.com/users/McToel/repos', 'events_url': 'https://api.github.com/users/McToel/events{/privacy}', 'received_events_url': 'https://api.github.com/users/McToel/received_events', 'type': 'User', 'site_admin': False}"
21,1147900564,https://api.github.com/repos/pandas-dev/pandas/issues/46126,https://api.github.com/repos/pandas-dev/pandas,https://api.github.com/repos/pandas-dev/pandas/issues/46126/labels{/name},"{'login': 'timlod', 'id': 7346303, 'node_id': 'MDQ6VXNlcjczNDYzMDM=', 'avatar_url': 'https://avatars.githubusercontent.com/u/7346303?v=4', 'gravatar_id': '', 'url': 'https://api.github.com/users/timlod', 'html_url': 'https://github.com/timlod', 'followers_url': 'https://api.github.com/users/timlod/followers', 'following_url': 'https://api.github.com/users/timlod/following{/other_user}', 'gists_url': 'https://api.github.com/users/timlod/gists{/gist_id}', 'starred_url': 'https://api.github.com/users/timlod/starred{/owner}{/repo}', 'subscriptions_url': 'https://api.github.com/users/timlod/subscriptions', 'organizations_url': 'https://api.github.com/users/timlod/orgs', 'repos_url': 'https://api.github.com/users/timlod/repos', 'events_url': 'https://api.github.com/users/timlod/events{/privacy}', 'received_events_url': 'https://api.github.com/users/timlod/received_events', 'type': 'User', 'site_admin': False}"
22,1147506497,https://api.github.com/repos/pandas-dev/pandas/issues/46122,https://api.github.com/repos/pandas-dev/pandas,https://api.github.com/repos/pandas-dev/pandas/issues/46122/labels{/name},"{'login': 'Sleepingwell', 'id': 294943, 'node_id': 'MDQ6VXNlcjI5NDk0Mw==', 'avatar_url': 'https://avatars.githubusercontent.com/u/294943?v=4', 'gravatar_id': '', 'url': 'https://api.github.com/users/Sleepingwell', 'html_url': 'https://github.com/Sleepingwell', 'followers_url': 'https://api.github.com/users/Sleepingwell/followers', 'following_url': 'https://api.github.com/users/Sleepingwell/following{/other_user}', 'gists_url': 'https://api.github.com/users/Sleepingwell/gists{/gist_id}', 'starred_url': 'https://api.github.com/users/Sleepingwell/starred{/owner}{/repo}', 'subscriptions_url': 'https://api.github.com/users/Sleepingwell/subscriptions', 'organizations_url': 'https://api.github.com/users/Sleepingwell/orgs', 'repos_url': 'https://api.github.com/users/Sleepingwell/repos', 'events_url': 'https://api.github.com/users/Sleepingwell/events{/privacy}', 'received_events_url': 'https://api.github.com/users/Sleepingwell/received_events', 'type': 'User', 'site_admin': False}"
23,1147166642,https://api.github.com/repos/pandas-dev/pandas/issues/46116,https://api.github.com/repos/pandas-dev/pandas,https://api.github.com/repos/pandas-dev/pandas/issues/46116/labels{/name},"{'login': 'smarie', 'id': 3236794, 'node_id': 'MDQ6VXNlcjMyMzY3OTQ=', 'avatar_url': 'https://avatars.githubusercontent.com/u/3236794?v=4', 'gravatar_id': '', 'url': 'https://api.github.com/users/smarie', 'html_url': 'https://github.com/smarie', 'followers_url': 'https://api.github.com/users/smarie/followers', 'following_url': 'https://api.github.com/users/smarie/following{/other_user}', 'gists_url': 'https://api.github.com/users/smarie/gists{/gist_id}', 'starred_url': 'https://api.github.com/users/smarie/starred{/owner}{/repo}', 'subscriptions_url': 'https://api.github.com/users/smarie/subscriptions', 'organizations_url': 'https://api.github.com/users/smarie/orgs', 'repos_url': 'https://api.github.com/users/smarie/repos', 'events_url': 'https://api.github.com/users/smarie/events{/privacy}', 'received_events_url': 'https://api.github.com/users/smarie/received_events', 'type': 'User', 'site_admin': False}"
24,1146960626,https://api.github.com/repos/pandas-dev/pandas/issues/46114,https://api.github.com/repos/pandas-dev/pandas,https://api.github.com/repos/pandas-dev/pandas/issues/46114/labels{/name},"{'login': 'benjamrio', 'id': 12810626, 'node_id': 'MDQ6VXNlcjEyODEwNjI2', 'avatar_url': 'https://avatars.githubusercontent.com/u/12810626?v=4', 'gravatar_id': '', 'url': 'https://api.github.com/users/benjamrio', 'html_url': 'https://github.com/benjamrio', 'followers_url': 'https://api.github.com/users/benjamrio/followers', 'following_url': 'https://api.github.com/users/benjamrio/following{/other_user}', 'gists_url': 'https://api.github.com/users/benjamrio/gists{/gist_id}', 'starred_url': 'https://api.github.com/users/benjamrio/starred{/owner}{/repo}', 'subscriptions_url': 'https://api.github.com/users/benjamrio/subscriptions', 'organizations_url': 'https://api.github.com/users/benjamrio/orgs', 'repos_url': 'https://api.github.com/users/benjamrio/repos', 'events_url': 'https://api.github.com/users/benjamrio/events{/privacy}', 'received_events_url': 'https://api.github.com/users/benjamrio/received_events', 'type': 'User', 'site_admin': False}"
25,1146890381,https://api.github.com/repos/pandas-dev/pandas/issues/46112,https://api.github.com/repos/pandas-dev/pandas,https://api.github.com/repos/pandas-dev/pandas/issues/46112/labels{/name},"{'login': 'alanhowells', 'id': 93594841, 'node_id': 'U_kgDOBZQk2Q', 'avatar_url': 'https://avatars.githubusercontent.com/u/93594841?v=4', 'gravatar_id': '', 'url': 'https://api.github.com/users/alanhowells', 'html_url': 'https://github.com/alanhowells', 'followers_url': 'https://api.github.com/users/alanhowells/followers', 'following_url': 'https://api.github.com/users/alanhowells/following{/other_user}', 'gists_url': 'https://api.github.com/users/alanhowells/gists{/gist_id}', 'starred_url': 'https://api.github.com/users/alanhowells/starred{/owner}{/repo}', 'subscriptions_url': 'https://api.github.com/users/alanhowells/subscriptions', 'organizations_url': 'https://api.github.com/users/alanhowells/orgs', 'repos_url': 'https://api.github.com/users/alanhowells/repos', 'events_url': 'https://api.github.com/users/alanhowells/events{/privacy}', 'received_events_url': 'https://api.github.com/users/alanhowells/received_events', 'type': 'User', 'site_admin': False}"
26,1146697595,https://api.github.com/repos/pandas-dev/pandas/issues/46111,https://api.github.com/repos/pandas-dev/pandas,https://api.github.com/repos/pandas-dev/pandas/issues/46111/labels{/name},"{'login': 'DriesSchaumont', 'id': 5946712, 'node_id': 'MDQ6VXNlcjU5NDY3MTI=', 'avatar_url': 'https://avatars.githubusercontent.com/u/5946712?v=4', 'gravatar_id': '', 'url': 'https://api.github.com/users/DriesSchaumont', 'html_url': 'https://github.com/DriesSchaumont', 'followers_url': 'https://api.github.com/users/DriesSchaumont/followers', 'following_url': 'https://api.github.com/users/DriesSchaumont/following{/other_user}', 'gists_url': 'https://api.github.com/users/DriesSchaumont/gists{/gist_id}', 'starred_url': 'https://api.github.com/users/DriesSchaumont/starred{/owner}{/repo}', 'subscriptions_url': 'https://api.github.com/users/DriesSchaumont/subscriptions', 'organizations_url': 'https://api.github.com/users/DriesSchaumont/orgs', 'repos_url': 'https://api.github.com/users/DriesSchaumont/repos', 'events_url': 'https://api.github.com/users/DriesSchaumont/events{/privacy}', 'received_events_url': 'https://api.github.com/users/DriesSchaumont/received_events', 'type': 'User', 'site_admin': False}"
27,1146229238,https://api.github.com/repos/pandas-dev/pandas/issues/46105,https://api.github.com/repos/pandas-dev/pandas,https://api.github.com/repos/pandas-dev/pandas/issues/46105/labels{/name},"{'login': 'attack68', 'id': 24256554, 'node_id': 'MDQ6VXNlcjI0MjU2NTU0', 'avatar_url': 'https://avatars.githubusercontent.com/u/24256554?v=4', 'gravatar_id': '', 'url': 'https://api.github.com/users/attack68', 'html_url': 'https://github.com/attack68', 'followers_url': 'https://api.github.com/users/attack68/followers', 'following_url': 'https://api.github.com/users/attack68/following{/other_user}', 'gists_url': 'https://api.github.com/users/attack68/gists{/gist_id}', 'starred_url': 'https://api.github.com/users/attack68/starred{/owner}{/repo}', 'subscriptions_url': 'https://api.github.com/users/attack68/subscriptions', 'organizations_url': 'https://api.github.com/users/attack68/orgs', 'repos_url': 'https://api.github.com/users/attack68/repos', 'events_url': 'https://api.github.com/users/attack68/events{/privacy}', 'received_events_url': 'https://api.github.com/users/attack68/received_events', 'type': 'User', 'site_admin': False}"
28,1146207257,https://api.github.com/repos/pandas-dev/pandas/issues/46104,https://api.github.com/repos/pandas-dev/pandas,https://api.github.com/repos/pandas-dev/pandas/issues/46104/labels{/name},"{'login': 'jbrockmendel', 'id': 8078968, 'node_id': 'MDQ6VXNlcjgwNzg5Njg=', 'avatar_url': 'https://avatars.githubusercontent.com/u/8078968?v=4', 'gravatar_id': '', 'url': 'https://api.github.com/users/jbrockmendel', 'html_url': 'https://github.com/jbrockmendel', 'followers_url': 'https://api.github.com/users/jbrockmendel/followers', 'following_url': 'https://api.github.com/users/jbrockmendel/following{/other_user}', 'gists_url': 'https://api.github.com/users/jbrockmendel/gists{/gist_id}', 'starred_url': 'https://api.github.com/users/jbrockmendel/starred{/owner}{/repo}', 'subscriptions_url': 'https://api.github.com/users/jbrockmendel/subscriptions', 'organizations_url': 'https://api.github.com/users/jbrockmendel/orgs', 'repos_url': 'https://api.github.com/users/jbrockmendel/repos', 'events_url': 'https://api.github.com/users/jbrockmendel/events{/privacy}', 'received_events_url': 'https://api.github.com/users/jbrockmendel/received_events', 'type': 'User', 'site_admin': False}"
29,1146127800,https://api.github.com/repos/pandas-dev/pandas/issues/46101,https://api.github.com/repos/pandas-dev/pandas,https://api.github.com/repos/pandas-dev/pandas/issues/46101/labels{/name},"{'login': 'theOehrly', 'id': 23384863, 'node_id': 'MDQ6VXNlcjIzMzg0ODYz', 'avatar_url': 'https://avatars.githubusercontent.com/u/23384863?v=4', 'gravatar_id': '', 'url': 'https://api.github.com/users/theOehrly', 'html_url': 'https://github.com/theOehrly', 'followers_url': 'https://api.github.com/users/theOehrly/followers', 'following_url': 'https://api.github.com/users/theOehrly/following{/other_user}', 'gists_url': 'https://api.github.com/users/theOehrly/gists{/gist_id}', 'starred_url': 'https://api.github.com/users/theOehrly/starred{/owner}{/repo}', 'subscriptions_url': 'https://api.github.com/users/theOehrly/subscriptions', 'organizations_url': 'https://api.github.com/users/theOehrly/orgs', 'repos_url': 'https://api.github.com/users/theOehrly/repos', 'events_url': 'https://api.github.com/users/theOehrly/events{/privacy}', 'received_events_url': 'https://api.github.com/users/theOehrly/received_events', 'type': 'User', 'site_admin': False}"
